Workbook

Sheet Read Me
A1: Jev experiment control workbook (TypeSafe hosted)
A2: Copy of the Nimble plant classifier questions/records, pointed at TypeSafe Jev. Set TYPESAFE_API_KEY in the environment. Do not put the key in this file. The original nimble_classifier_workbook.xlsx on main stays local Nimble/Ollama.
A4: SHEETS
A5: Config | B5: Settings: model, URL, timeout, default review threshold, test-run size.
A6: Questions | B6: One row per question. Type is choice (pick one label), noul (yes/no) or score (place on a scale). Leave equipment_type blank to ask the question of every record.
A7: Labels | B7: One row per answer option, for choice and score questions only. noul questions take no labels. For score questions, 'order' is the position on the scale, lowest first.
A8: Records | B8: One row per statement to classify. Optional expected_<question_id> columns hold the known correct answer, so the program can measure accuracy.
A9: Lists | B9: Dropdown values (equipment types). Add new equipment types here.
A10: output_Results | B10: Written by the runner: answers, confidence, review flags. Cleared at the start of each run, rewritten when the run finishes.
A11: output_Raw | B11: Written by the runner: raw model JSON per record.
A12: output_Summary | B12: Written by the runner: accuracy / confidence stats (accuracy needs expected_* columns).
A13: output_Run_info | B13: Written by the runner: run metadata.
A14: COLOURS
A15: Blue text | B15: Cells you edit.
A16: Black text, grey fill | B16: Formulas. Do not edit. The 'check' columns turn red when a row has a problem.
A17: RULES
A18: IDs | B18: question_id and label values are sent to the model as keys. Use short lowercase words with underscores, no spaces or quotes (e.g. tube_leak). question_id must be unique across the whole workbook.
A19: Always add 'other' | B19: Nimble can only pick from the labels you give it. Include an 'other' label on every choice question so vague records are not forced into a wrong category.
A20: One idea per question | B20: Ask about what the text says, not what only an engineer would infer.
A21: Equipment type | B21: A record is asked every question whose equipment_type matches its own, plus every question with a blank equipment_type.
A22: Expected values | B22: For choice questions, use a label from the Labels sheet. For noul questions, use true or false. Leave blank if unknown.
A23: Thresholds | B23: review_below is the confidence under which a row is flagged for a person to review. The default of 0.6 on Config is a placeholder: tune it using records with known answers.
A24: EXAMPLES
A25: Example rows | B25: The rows filled in on every sheet are illustrative examples for pumps, heat exchangers and distillation columns. The expected values are examples, not validated data. Replace or delete them.

Sheet Config
A1: key | B1: value | C1: notes
A2: model | B2: jev-1.13.0 | C2: Pinned TypeSafe Jev version for repeatable compares.
A3: base_url | B3: https://api.typesafe.ai | C3: TypeSafe hosted API (not local Ollama).
A4: endpoint | B4: /v1/systemone | C4: Same decision-model endpoint shape as Ollama.
A5: timeout_seconds | B5: 120 | C5: Per-request timeout.
A6: retries | B6: 2 | C6: Retries per record after a failed request.
A7: default_review_below | B7: 0.6 | C7: Placeholder threshold. Rows with confidence below this are flagged for review. Tune on records with known answers.
A8: test_first_n | B8: 10 | C8: Number of records processed in test mode. Set to blank or 0 to disable.
A9: record_text_column | B9: text | C9: Name of the Records column that holds the statement.
A10: output_prefix | B10: nimble_results | C10: Legacy. Checkpoints are named <workbook_stem>_<timestamp>.jsonl beside the workbook. Excel results use output_* sheets.
A11: api_key | C11: Leave blank. Set env TYPESAFE_API_KEY instead — never commit a key.

Sheet Questions
A1: question_id | B1: equipment_type | C1: type | D1: instructions | E1: active | F1: review_below | G1: label_count | H1: check
A2: pump_failure_mode | B2: Pump | C2: choice | D2: What is the primary failure mode described? | E2: Y | G2: =IF(A2="","",COUNTIF(Labels!$A$2:$A$300,A2)) | H2: =IF(A2="","",IF(COUNTIF($A$2:$A$60,A2)>1,"Duplicate question_id",IF(D2="","Missing instructions",IF(C2="noul",IF(G2=0,"OK","noul takes no labels"),IF(OR(C2="choice",C2="score"),IF(G2>=2,"OK","Needs 2+ labels"),"Type must be choice, noul or score")))))
A3: pump_containment | B3: Pump | C3: noul | D3: Does the text describe process fluid leaking out of the equipment? | E3: Y | G3: =IF(A3="","",COUNTIF(Labels!$A$2:$A$300,A3)) | H3: =IF(A3="","",IF(COUNTIF($A$2:$A$60,A3)>1,"Duplicate question_id",IF(D3="","Missing instructions",IF(C3="noul",IF(G3=0,"OK","noul takes no labels"),IF(OR(C3="choice",C3="score"),IF(G3>=2,"OK","Needs 2+ labels"),"Type must be choice, noul or score")))))
A4: pump_urgency | B4: Pump | C4: score | D4: How urgent is follow-up? | E4: Y | F4: 0.8 | G4: =IF(A4="","",COUNTIF(Labels!$A$2:$A$300,A4)) | H4: =IF(A4="","",IF(COUNTIF($A$2:$A$60,A4)>1,"Duplicate question_id",IF(D4="","Missing instructions",IF(C4="noul",IF(G4=0,"OK","noul takes no labels"),IF(OR(C4="choice",C4="score"),IF(G4>=2,"OK","Needs 2+ labels"),"Type must be choice, noul or score")))))
A5: hx_problem | B5: Heat Exchanger | C5: choice | D5: What is the primary problem described? | E5: Y | G5: =IF(A5="","",COUNTIF(Labels!$A$2:$A$300,A5)) | H5: =IF(A5="","",IF(COUNTIF($A$2:$A$60,A5)>1,"Duplicate question_id",IF(D5="","Missing instructions",IF(C5="noul",IF(G5=0,"OK","noul takes no labels"),IF(OR(C5="choice",C5="score"),IF(G5>=2,"OK","Needs 2+ labels"),"Type must be choice, noul or score")))))
A6: hx_crosscontam | B6: Heat Exchanger | C6: noul | D6: Does the text suggest mixing of shell-side and tube-side fluids? | E6: Y | G6: =IF(A6="","",COUNTIF(Labels!$A$2:$A$300,A6)) | H6: =IF(A6="","",IF(COUNTIF($A$2:$A$60,A6)>1,"Duplicate question_id",IF(D6="","Missing instructions",IF(C6="noul",IF(G6=0,"OK","noul takes no labels"),IF(OR(C6="choice",C6="score"),IF(G6>=2,"OK","Needs 2+ labels"),"Type must be choice, noul or score")))))
A7: hx_impact | B7: Heat Exchanger | C7: score | D7: How severe is the performance impact? | E7: Y | G7: =IF(A7="","",COUNTIF(Labels!$A$2:$A$300,A7)) | H7: =IF(A7="","",IF(COUNTIF($A$2:$A$60,A7)>1,"Duplicate question_id",IF(D7="","Missing instructions",IF(C7="noul",IF(G7=0,"OK","noul takes no labels"),IF(OR(C7="choice",C7="score"),IF(G7>=2,"OK","Needs 2+ labels"),"Type must be choice, noul or score")))))
A8: col_symptom | B8: Distillation Column | C8: choice | D8: Which operating symptom is described? | E8: Y | G8: =IF(A8="","",COUNTIF(Labels!$A$2:$A$300,A8)) | H8: =IF(A8="","",IF(COUNTIF($A$2:$A$60,A8)>1,"Duplicate question_id",IF(D8="","Missing instructions",IF(C8="noul",IF(G8=0,"OK","noul takes no labels"),IF(OR(C8="choice",C8="score"),IF(G8>=2,"OK","Needs 2+ labels"),"Type must be choice, noul or score")))))
A9: col_offspec | B9: Distillation Column | C9: noul | D9: Does the text mention off-spec product? | E9: Y | G9: =IF(A9="","",COUNTIF(Labels!$A$2:$A$300,A9)) | H9: =IF(A9="","",IF(COUNTIF($A$2:$A$60,A9)>1,"Duplicate question_id",IF(D9="","Missing instructions",IF(C9="noul",IF(G9=0,"OK","noul takes no labels"),IF(OR(C9="choice",C9="score"),IF(G9>=2,"OK","Needs 2+ labels"),"Type must be choice, noul or score")))))
A10: col_stability | B10: Distillation Column | C10: score | D10: How stable is column operation? | E10: Y | G10: =IF(A10="","",COUNTIF(Labels!$A$2:$A$300,A10)) | H10: =IF(A10="","",IF(COUNTIF($A$2:$A$60,A10)>1,"Duplicate question_id",IF(D10="","Missing instructions",IF(C10="noul",IF(G10=0,"OK","noul takes no labels"),IF(OR(C10="choice",C10="score"),IF(G10>=2,"OK","Needs 2+ labels"),"Type must be choice, noul or score")))))
G11: =IF(A11="","",COUNTIF(Labels!$A$2:$A$300,A11)) | H11: =IF(A11="","",IF(COUNTIF($A$2:$A$60,A11)>1,"Duplicate question_id",IF(D11="","Missing instructions",IF(C11="noul",IF(G11=0,"OK","noul takes no labels"),IF(OR(C11="choice",C11="score"),IF(G11>=2,"OK","Needs 2+ labels"),"Type must be choice, noul or score")))))
G12: =IF(A12="","",COUNTIF(Labels!$A$2:$A$300,A12)) | H12: =IF(A12="","",IF(COUNTIF($A$2:$A$60,A12)>1,"Duplicate question_id",IF(D12="","Missing instructions",IF(C12="noul",IF(G12=0,"OK","noul takes no labels"),IF(OR(C12="choice",C12="score"),IF(G12>=2,"OK","Needs 2+ labels"),"Type must be choice, noul or score")))))
G13: =IF(A13="","",COUNTIF(Labels!$A$2:$A$300,A13)) | H13: =IF(A13="","",IF(COUNTIF($A$2:$A$60,A13)>1,"Duplicate question_id",IF(D13="","Missing instructions",IF(C13="noul",IF(G13=0,"OK","noul takes no labels"),IF(OR(C13="choice",C13="score"),IF(G13>=2,"OK","Needs 2+ labels"),"Type must be choice, noul or score")))))
G14: =IF(A14="","",COUNTIF(Labels!$A$2:$A$300,A14)) | H14: =IF(A14="","",IF(COUNTIF($A$2:$A$60,A14)>1,"Duplicate question_id",IF(D14="","Missing instructions",IF(C14="noul",IF(G14=0,"OK","noul takes no labels"),IF(OR(C14="choice",C14="score"),IF(G14>=2,"OK","Needs 2+ labels"),"Type must be choice, noul or score")))))
G15: =IF(A15="","",COUNTIF(Labels!$A$2:$A$300,A15)) | H15: =IF(A15="","",IF(COUNTIF($A$2:$A$60,A15)>1,"Duplicate question_id",IF(D15="","Missing instructions",IF(C15="noul",IF(G15=0,"OK","noul takes no labels"),IF(OR(C15="choice",C15="score"),IF(G15>=2,"OK","Needs 2+ labels"),"Type must be choice, noul or score")))))
G16: =IF(A16="","",COUNTIF(Labels!$A$2:$A$300,A16)) | H16: =IF(A16="","",IF(COUNTIF($A$2:$A$60,A16)>1,"Duplicate question_id",IF(D16="","Missing instructions",IF(C16="noul",IF(G16=0,"OK","noul takes no labels"),IF(OR(C16="choice",C16="score"),IF(G16>=2,"OK","Needs 2+ labels"),"Type must be choice, noul or score")))))
G17: =IF(A17="","",COUNTIF(Labels!$A$2:$A$300,A17)) | H17: =IF(A17="","",IF(COUNTIF($A$2:$A$60,A17)>1,"Duplicate question_id",IF(D17="","Missing instructions",IF(C17="noul",IF(G17=0,"OK","noul takes no labels"),IF(OR(C17="choice",C17="score"),IF(G17>=2,"OK","Needs 2+ labels"),"Type must be choice, noul or score")))))
G18: =IF(A18="","",COUNTIF(Labels!$A$2:$A$300,A18)) | H18: =IF(A18="","",IF(COUNTIF($A$2:$A$60,A18)>1,"Duplicate question_id",IF(D18="","Missing instructions",IF(C18="noul",IF(G18=0,"OK","noul takes no labels"),IF(OR(C18="choice",C18="score"),IF(G18>=2,"OK","Needs 2+ labels"),"Type must be choice, noul or score")))))
G19: =IF(A19="","",COUNTIF(Labels!$A$2:$A$300,A19)) | H19: =IF(A19="","",IF(COUNTIF($A$2:$A$60,A19)>1,"Duplicate question_id",IF(D19="","Missing instructions",IF(C19="noul",IF(G19=0,"OK","noul takes no labels"),IF(OR(C19="choice",C19="score"),IF(G19>=2,"OK","Needs 2+ labels"),"Type must be choice, noul or score")))))
G20: =IF(A20="","",COUNTIF(Labels!$A$2:$A$300,A20)) | H20: =IF(A20="","",IF(COUNTIF($A$2:$A$60,A20)>1,"Duplicate question_id",IF(D20="","Missing instructions",IF(C20="noul",IF(G20=0,"OK","noul takes no labels"),IF(OR(C20="choice",C20="score"),IF(G20>=2,"OK","Needs 2+ labels"),"Type must be choice, noul or score")))))
G21: =IF(A21="","",COUNTIF(Labels!$A$2:$A$300,A21)) | H21: =IF(A21="","",IF(COUNTIF($A$2:$A$60,A21)>1,"Duplicate question_id",IF(D21="","Missing instructions",IF(C21="noul",IF(G21=0,"OK","noul takes no labels"),IF(OR(C21="choice",C21="score"),IF(G21>=2,"OK","Needs 2+ labels"),"Type must be choice, noul or score")))))
G22: =IF(A22="","",COUNTIF(Labels!$A$2:$A$300,A22)) | H22: =IF(A22="","",IF(COUNTIF($A$2:$A$60,A22)>1,"Duplicate question_id",IF(D22="","Missing instructions",IF(C22="noul",IF(G22=0,"OK","noul takes no labels"),IF(OR(C22="choice",C22="score"),IF(G22>=2,"OK","Needs 2+ labels"),"Type must be choice, noul or score")))))
... G60: =IF(A60="","",COUNTIF(Labels!$A$2:$A$300,A60)) | H60: =IF(A60="","",IF(COUNTIF($A$2:$A$60,A60)>1,"Duplicate question_id",IF(D60="","Missing instructions",IF(C60="noul",IF(G60=0,"OK","noul takes no labels"),IF(OR(C60="choice",C60="score"),IF(G60>=2,"OK","Needs 2+ labels"),"Type must be choice, noul or score")))))

Sheet Labels
A1: question_id | B1: label | C1: description | D1: order | E1: check
A2: pump_failure_mode | B2: seal | C2: Mechanical seal or packing failure | D2: 1 | E2: =IF(A2="","",IF(COUNTIF(Questions!$A$2:$A$60,A2)=0,"Unknown question_id",IF(B2="","Missing label",IF(COUNTIFS($A$2:$A$300,A2,$B$2:$B$300,B2)>1,"Duplicate label","OK"))))
A3: pump_failure_mode | B3: bearing | C3: Bearing wear or vibration problem | D3: 2 | E3: =IF(A3="","",IF(COUNTIF(Questions!$A$2:$A$60,A3)=0,"Unknown question_id",IF(B3="","Missing label",IF(COUNTIFS($A$2:$A$300,A3,$B$2:$B$300,B3)>1,"Duplicate label","OK"))))
A4: pump_failure_mode | B4: cavitation | C4: Suction or NPSH problem | D4: 3 | E4: =IF(A4="","",IF(COUNTIF(Questions!$A$2:$A$60,A4)=0,"Unknown question_id",IF(B4="","Missing label",IF(COUNTIFS($A$2:$A$300,A4,$B$2:$B$300,B4)>1,"Duplicate label","OK"))))
A5: pump_failure_mode | B5: instrument | C5: Instrument or control fault | D5: 4 | E5: =IF(A5="","",IF(COUNTIF(Questions!$A$2:$A$60,A5)=0,"Unknown question_id",IF(B5="","Missing label",IF(COUNTIFS($A$2:$A$300,A5,$B$2:$B$300,B5)>1,"Duplicate label","OK"))))
A6: pump_failure_mode | B6: other | C6: None of the above, or not enough information | D6: 5 | E6: =IF(A6="","",IF(COUNTIF(Questions!$A$2:$A$60,A6)=0,"Unknown question_id",IF(B6="","Missing label",IF(COUNTIFS($A$2:$A$300,A6,$B$2:$B$300,B6)>1,"Duplicate label","OK"))))
A7: pump_urgency | B7: routine | C7: Can wait for the next planned window | D7: 1 | E7: =IF(A7="","",IF(COUNTIF(Questions!$A$2:$A$60,A7)=0,"Unknown question_id",IF(B7="","Missing label",IF(COUNTIFS($A$2:$A$300,A7,$B$2:$B$300,B7)>1,"Duplicate label","OK"))))
A8: pump_urgency | B8: soon | C8: Should be handled within days | D8: 2 | E8: =IF(A8="","",IF(COUNTIF(Questions!$A$2:$A$60,A8)=0,"Unknown question_id",IF(B8="","Missing label",IF(COUNTIFS($A$2:$A$300,A8,$B$2:$B$300,B8)>1,"Duplicate label","OK"))))
A9: pump_urgency | B9: immediate | C9: Needs attention now | D9: 3 | E9: =IF(A9="","",IF(COUNTIF(Questions!$A$2:$A$60,A9)=0,"Unknown question_id",IF(B9="","Missing label",IF(COUNTIFS($A$2:$A$300,A9,$B$2:$B$300,B9)>1,"Duplicate label","OK"))))
A10: hx_problem | B10: fouling | C10: Deposits reducing heat transfer or raising pressure drop | D10: 1 | E10: =IF(A10="","",IF(COUNTIF(Questions!$A$2:$A$60,A10)=0,"Unknown question_id",IF(B10="","Missing label",IF(COUNTIFS($A$2:$A$300,A10,$B$2:$B$300,B10)>1,"Duplicate label","OK"))))
A11: hx_problem | B11: tube_leak | C11: Leak between tube and shell sides | D11: 2 | E11: =IF(A11="","",IF(COUNTIF(Questions!$A$2:$A$60,A11)=0,"Unknown question_id",IF(B11="","Missing label",IF(COUNTIFS($A$2:$A$300,A11,$B$2:$B$300,B11)>1,"Duplicate label","OK"))))
A12: hx_problem | B12: flow_maldistribution | C12: Uneven flow or bypassing | D12: 3 | E12: =IF(A12="","",IF(COUNTIF(Questions!$A$2:$A$60,A12)=0,"Unknown question_id",IF(B12="","Missing label",IF(COUNTIFS($A$2:$A$300,A12,$B$2:$B$300,B12)>1,"Duplicate label","OK"))))
A13: hx_problem | B13: control_valve | C13: Control valve or instrument issue | D13: 4 | E13: =IF(A13="","",IF(COUNTIF(Questions!$A$2:$A$60,A13)=0,"Unknown question_id",IF(B13="","Missing label",IF(COUNTIFS($A$2:$A$300,A13,$B$2:$B$300,B13)>1,"Duplicate label","OK"))))
... A27: col_stability | B27: upset | C27: Significant upset | D27: 3 | E27: =IF(A27="","",IF(COUNTIF(Questions!$A$2:$A$60,A27)=0,"Unknown question_id",IF(B27="","Missing label",IF(COUNTIFS($A$2:$A$300,A27,$B$2:$B$300,B27)>1,"Duplicate label","OK"))))
E28: =IF(A28="","",IF(COUNTIF(Questions!$A$2:$A$60,A28)=0,"Unknown question_id",IF(B28="","Missing label",IF(COUNTIFS($A$2:$A$300,A28,$B$2:$B$300,B28)>1,"Duplicate label","OK"))))
E29: =IF(A29="","",IF(COUNTIF(Questions!$A$2:$A$60,A29)=0,"Unknown question_id",IF(B29="","Missing label",IF(COUNTIFS($A$2:$A$300,A29,$B$2:$B$300,B29)>1,"Duplicate label","OK"))))
E30: =IF(A30="","",IF(COUNTIF(Questions!$A$2:$A$60,A30)=0,"Unknown question_id",IF(B30="","Missing label",IF(COUNTIFS($A$2:$A$300,A30,$B$2:$B$300,B30)>1,"Duplicate label","OK"))))
E31: =IF(A31="","",IF(COUNTIF(Questions!$A$2:$A$60,A31)=0,"Unknown question_id",IF(B31="","Missing label",IF(COUNTIFS($A$2:$A$300,A31,$B$2:$B$300,B31)>1,"Duplicate label","OK"))))
E32: =IF(A32="","",IF(COUNTIF(Questions!$A$2:$A$60,A32)=0,"Unknown question_id",IF(B32="","Missing label",IF(COUNTIFS($A$2:$A$300,A32,$B$2:$B$300,B32)>1,"Duplicate label","OK"))))
E33: =IF(A33="","",IF(COUNTIF(Questions!$A$2:$A$60,A33)=0,"Unknown question_id",IF(B33="","Missing label",IF(COUNTIFS($A$2:$A$300,A33,$B$2:$B$300,B33)>1,"Duplicate label","OK"))))
E34: =IF(A34="","",IF(COUNTIF(Questions!$A$2:$A$60,A34)=0,"Unknown question_id",IF(B34="","Missing label",IF(COUNTIFS($A$2:$A$300,A34,$B$2:$B$300,B34)>1,"Duplicate label","OK"))))
E35: =IF(A35="","",IF(COUNTIF(Questions!$A$2:$A$60,A35)=0,"Unknown question_id",IF(B35="","Missing label",IF(COUNTIFS($A$2:$A$300,A35,$B$2:$B$300,B35)>1,"Duplicate label","OK"))))
E36: =IF(A36="","",IF(COUNTIF(Questions!$A$2:$A$60,A36)=0,"Unknown question_id",IF(B36="","Missing label",IF(COUNTIFS($A$2:$A$300,A36,$B$2:$B$300,B36)>1,"Duplicate label","OK"))))
E37: =IF(A37="","",IF(COUNTIF(Questions!$A$2:$A$60,A37)=0,"Unknown question_id",IF(B37="","Missing label",IF(COUNTIFS($A$2:$A$300,A37,$B$2:$B$300,B37)>1,"Duplicate label","OK"))))
E38: =IF(A38="","",IF(COUNTIF(Questions!$A$2:$A$60,A38)=0,"Unknown question_id",IF(B38="","Missing label",IF(COUNTIFS($A$2:$A$300,A38,$B$2:$B$300,B38)>1,"Duplicate label","OK"))))
E39: =IF(A39="","",IF(COUNTIF(Questions!$A$2:$A$60,A39)=0,"Unknown question_id",IF(B39="","Missing label",IF(COUNTIFS($A$2:$A$300,A39,$B$2:$B$300,B39)>1,"Duplicate label","OK"))))
... E300: =IF(A300="","",IF(COUNTIF(Questions!$A$2:$A$60,A300)=0,"Unknown question_id",IF(B300="","Missing label",IF(COUNTIFS($A$2:$A$300,A300,$B$2:$B$300,B300)>1,"Duplicate label","OK"))))

Sheet Records
A1: record_id | B1: equipment_type | C1: tag | D1: text | E1: check | F1: expected_pump_failure_mode | G1: expected_pump_containment | H1: expected_pump_urgency | I1: expected_hx_problem | J1: expected_hx_crosscontam | K1: expected_hx_impact | L1: expected_col_symptom | M1: expected_col_offspec | N1: expected_col_stability
A2: R001 | B2: Pump | C2: P-101A | D2: P-101A discharge pressure fluctuating, seal leak observed, standby pump started. | E2: =IF(A2="","",IF(COUNTIF($A$2:$A$500,A2)>1,"Duplicate record_id",IF(D2="","Empty text",IF(B2="","OK (general questions only)","OK")))) | F2: seal | G2: true | H2: immediate
A3: R002 | B3: Pump | C3: P-114 | D3: Routine check on P-114 shows slightly elevated bearing temperature. Watch at next planned PM. | E3: =IF(A3="","",IF(COUNTIF($A$2:$A$500,A3)>1,"Duplicate record_id",IF(D3="","Empty text",IF(B3="","OK (general questions only)","OK")))) | F3: bearing | G3: false | H3: routine
A4: R003 | B4: Heat Exchanger | C4: E-205 | D4: E-205 outlet temperature 15 C below normal, dP up over last two weeks, cleaning scheduled. | E4: =IF(A4="","",IF(COUNTIF($A$2:$A$500,A4)>1,"Duplicate record_id",IF(D4="","Empty text",IF(B4="","OK (general questions only)","OK")))) | I4: fouling | J4: false | K4: degraded
A5: R004 | B5: Heat Exchanger | C5: E-310 | D5: Cooling water pH dropped and hydrocarbon detected in E-310 cooling water return. Suspect tube leak. | E5: =IF(A5="","",IF(COUNTIF($A$2:$A$500,A5)>1,"Duplicate record_id",IF(D5="","Empty text",IF(B5="","OK (general questions only)","OK")))) | I5: tube_leak | J5: true | K5: severe
A6: R005 | B6: Distillation Column | C6: C-301 | D6: C-301 dP spiking, bottoms level unstable, overhead product off-spec since 14:20. | E6: =IF(A6="","",IF(COUNTIF($A$2:$A$500,A6)>1,"Duplicate record_id",IF(D6="","Empty text",IF(B6="","OK (general questions only)","OK")))) | L6: flooding | M6: true | N6: upset
A7: R006 | B7: Distillation Column | C7: C-402 | D7: C-402 running steady at rate. Reflux and reboiler duty normal, no alarms this shift. | E7: =IF(A7="","",IF(COUNTIF($A$2:$A$500,A7)>1,"Duplicate record_id",IF(D7="","Empty text",IF(B7="","OK (general questions only)","OK")))) | L7: other | M7: false | N7: stable
E8: =IF(A8="","",IF(COUNTIF($A$2:$A$500,A8)>1,"Duplicate record_id",IF(D8="","Empty text",IF(B8="","OK (general questions only)","OK"))))
E9: =IF(A9="","",IF(COUNTIF($A$2:$A$500,A9)>1,"Duplicate record_id",IF(D9="","Empty text",IF(B9="","OK (general questions only)","OK"))))
E10: =IF(A10="","",IF(COUNTIF($A$2:$A$500,A10)>1,"Duplicate record_id",IF(D10="","Empty text",IF(B10="","OK (general questions only)","OK"))))
E11: =IF(A11="","",IF(COUNTIF($A$2:$A$500,A11)>1,"Duplicate record_id",IF(D11="","Empty text",IF(B11="","OK (general questions only)","OK"))))
E12: =IF(A12="","",IF(COUNTIF($A$2:$A$500,A12)>1,"Duplicate record_id",IF(D12="","Empty text",IF(B12="","OK (general questions only)","OK"))))
E13: =IF(A13="","",IF(COUNTIF($A$2:$A$500,A13)>1,"Duplicate record_id",IF(D13="","Empty text",IF(B13="","OK (general questions only)","OK"))))
E14: =IF(A14="","",IF(COUNTIF($A$2:$A$500,A14)>1,"Duplicate record_id",IF(D14="","Empty text",IF(B14="","OK (general questions only)","OK"))))
E15: =IF(A15="","",IF(COUNTIF($A$2:$A$500,A15)>1,"Duplicate record_id",IF(D15="","Empty text",IF(B15="","OK (general questions only)","OK"))))
E16: =IF(A16="","",IF(COUNTIF($A$2:$A$500,A16)>1,"Duplicate record_id",IF(D16="","Empty text",IF(B16="","OK (general questions only)","OK"))))
E17: =IF(A17="","",IF(COUNTIF($A$2:$A$500,A17)>1,"Duplicate record_id",IF(D17="","Empty text",IF(B17="","OK (general questions only)","OK"))))
E18: =IF(A18="","",IF(COUNTIF($A$2:$A$500,A18)>1,"Duplicate record_id",IF(D18="","Empty text",IF(B18="","OK (general questions only)","OK"))))
E19: =IF(A19="","",IF(COUNTIF($A$2:$A$500,A19)>1,"Duplicate record_id",IF(D19="","Empty text",IF(B19="","OK (general questions only)","OK"))))
... E500: =IF(A500="","",IF(COUNTIF($A$2:$A$500,A500)>1,"Duplicate record_id",IF(D500="","Empty text",IF(B500="","OK (general questions only)","OK"))))

Sheet Lists
A1: equipment_types
A2: Pump
A3: Heat Exchanger
A4: Distillation Column

Sheet output_Results
A1: record_id | B1: equipment_type | C1: tag | D1: text | E1: pump_failure_mode__answer | F1: pump_failure_mode__confidence | G1: pump_failure_mode__value | H1: pump_containment__answer | I1: pump_containment__confidence | J1: pump_containment__value | K1: pump_urgency__answer | L1: pump_urgency__confidence | M1: pump_urgency__value | N1: hx_problem__answer | O1: hx_problem__confidence | P1: hx_problem__value | Q1: hx_crosscontam__answer | R1: hx_crosscontam__confidence | S1: hx_crosscontam__value | T1: hx_impact__answer | U1: hx_impact__confidence | V1: hx_impact__value | W1: col_symptom__answer | X1: col_symptom__confidence | Y1: col_symptom__value | Z1: col_offspec__answer | AA1: col_offspec__confidence | AB1: col_offspec__value | AC1: col_stability__answer | AD1: col_stability__confidence | AE1: col_stability__value | AF1: needs_review | AG1: review_reasons | AH1: error
A2: R001 | B2: Pump | C2: P-101A | D2: P-101A discharge pressure fluctuating, seal leak observed, standby pump started. | E2: seal | F2: 1 | G2: 1 | H2: true | I2: 0.89 | J2: 0.89 | K2: immediate | L2: 0.98 | M2: 1.99 | AF2: FALSE
A3: R002 | B3: Pump | C3: P-114 | D3: Routine check on P-114 shows slightly elevated bearing temperature. Watch at next planned PM. | E3: bearing | F3: 1 | G3: 1 | H3: false | I3: 0.99 | J3: 0.01 | K3: routine | L3: 0.99 | M3: 0 | AF3: FALSE
A4: R003 | B4: Heat Exchanger | C4: E-205 | D4: E-205 outlet temperature 15 C below normal, dP up over last two weeks, cleaning scheduled. | N4: fouling | O4: 1 | P4: 1 | Q4: false | R4: 0.88 | S4: 0.12 | T4: degraded | U4: 0.81 | V4: 1.12 | AF4: FALSE
A5: R004 | B5: Heat Exchanger | C5: E-310 | D5: Cooling water pH dropped and hydrocarbon detected in E-310 cooling water return. Suspect tube leak. | N5: tube_leak | O5: 1 | P5: 1 | Q5: true | R5: 0.9 | S5: 0.9 | T5: degraded | U5: 0.51 | V5: 1.23 | AF5: TRUE | AG5: hx_impact: low confidence (0.51)
A6: R005 | B6: Distillation Column | C6: C-301 | D6: C-301 dP spiking, bottoms level unstable, overhead product off-spec since 14:20. | W6: flooding | X6: 0.89 | Y6: 0.91 | Z6: true | AA6: 0.99 | AB6: 0.99 | AC6: upset | AD6: 1 | AE6: 2 | AF6: FALSE
A7: R006 | B7: Distillation Column | C7: C-402 | D7: C-402 running steady at rate. Reflux and reboiler duty normal, no alarms this shift. | W7: other | X7: 1 | Y7: 1 | Z7: false | AA7: 0.99 | AB7: 0.01 | AC7: stable | AD7: 1 | AE7: 0 | AF7: FALSE

Sheet output_Raw
A1: record_id | B1: raw_answers_json
A2: R001 | B2: {"pump_failure_mode": {"type": "choice", "choice": "seal", "confidence": 1.0, "probabilities": {"other": 0.0, "seal": 1.0, "bearing": 0.0, "cavitation": 0.0, "instrument": 0.0}}, "pump_containment": {"type": "noul", "noul": 0.89}, "pump_urgency": {"type": "score", "score": 1.99, "confidence": 0.98, "legend": {"0": "Can wait for the next planned window", "1": "Should be handled within days", "2": "Needs attention now"}, "probabilities": {"0": 0.0, "1": 0.01, "2": 0.99}}}
A3: R002 | B3: {"pump_failure_mode": {"type": "choice", "choice": "bearing", "confidence": 1.0, "probabilities": {"other": 0.0, "bearing": 1.0, "cavitation": 0.0, "instrument": 0.0, "seal": 0.0}}, "pump_containment": {"type": "noul", "noul": 0.01}, "pump_urgency": {"type": "score", "score": 0.0, "confidence": 0.99, "legend": {"0": "Can wait for the next planned window", "1": "Should be handled within days", "2": "Needs attention now"}, "probabilities": {"0": 1.0, "1": 0.0, "2": 0.0}}}
A4: R003 | B4: {"hx_problem": {"type": "choice", "choice": "fouling", "confidence": 1.0, "probabilities": {"flow_maldistribution": 0.0, "other": 0.0, "tube_leak": 0.0, "control_valve": 0.0, "fouling": 1.0}}, "hx_crosscontam": {"type": "noul", "noul": 0.12}, "hx_impact": {"type": "score", "score": 1.12, "confidence": 0.81, "legend": {"0": "No noticeable impact", "1": "Reduced duty but operating", "2": "Major loss of duty or unit unusable"}, "probabilities": {"0": 0.0, "1": 0.87, "2": 0.13}}}
A5: R004 | B5: {"hx_problem": {"type": "choice", "choice": "tube_leak", "confidence": 1.0, "probabilities": {"other": 0.0, "fouling": 0.0, "flow_maldistribution": 0.0, "control_valve": 0.0, "tube_leak": 1.0}}, "hx_crosscontam": {"type": "noul", "noul": 0.9}, "hx_impact": {"type": "score", "score": 1.23, "confidence": 0.51, "legend": {"0": "No noticeable impact", "1": "Reduced duty but operating", "2": "Major loss of duty or unit unusable"}, "probabilities": {"0": 0.05, "1": 0.67, "2": 0.28}}}
A6: R005 | B6: {"col_symptom": {"type": "choice", "choice": "flooding", "confidence": 0.89, "probabilities": {"instrument": 0.02, "weeping": 0.0, "flooding": 0.91, "fouling": 0.0, "foaming": 0.06, "reboiler_condenser": 0.0, "other": 0.01}}, "col_offspec": {"type": "noul", "noul": 0.99}, "col_stability": {"type": "score", "score": 2.0, "confidence": 1.0, "legend": {"0": "Steady operation", "1": "Drifting or minor swings", "2": "Significant upset"}, "probabilities": {"0": 0.0, "1": 0.0, "2": 1.0}}}
A7: R006 | B7: {"col_symptom": {"type": "choice", "choice": "other", "confidence": 1.0, "probabilities": {"foaming": 0.0, "reboiler_condenser": 0.0, "fouling": 0.0, "other": 1.0, "instrument": 0.0, "flooding": 0.0, "weeping": 0.0}}, "col_offspec": {"type": "noul", "noul": 0.01}, "col_stability": {"type": "score", "score": 0.0, "confidence": 1.0, "legend": {"0": "Steady operation", "1": "Drifting or minor swings", "2": "Significant upset"}, "probabilities": {"0": 1.0, "1": 0.0, "2": 0.0}}}

Sheet output_Summary
A1: question_id | B1: type | C1: asked | D1: answered | E1: flagged_for_review | F1: mean_confidence | G1: with_expected | H1: correct | I1: accuracy | J1: mean_conf_when_correct | K1: mean_conf_when_wrong
A2: pump_failure_mode | B2: choice | C2: 2 | D2: 2 | E2: 0 | F2: 1 | G2: 2 | H2: 2 | I2: 1 | J2: 1
A3: pump_containment | B3: noul | C3: 2 | D3: 2 | E3: 0 | F3: 0.94 | G3: 2 | H3: 2 | I3: 1 | J3: 0.94
A4: pump_urgency | B4: score | C4: 2 | D4: 2 | E4: 0 | F4: 0.985 | G4: 2 | H4: 2 | I4: 1 | J4: 0.985
A5: hx_problem | B5: choice | C5: 2 | D5: 2 | E5: 0 | F5: 1 | G5: 2 | H5: 2 | I5: 1 | J5: 1
A6: hx_crosscontam | B6: noul | C6: 2 | D6: 2 | E6: 0 | F6: 0.89 | G6: 2 | H6: 2 | I6: 1 | J6: 0.89
A7: hx_impact | B7: score | C7: 2 | D7: 2 | E7: 1 | F7: 0.66 | G7: 2 | H7: 1 | I7: 0.5 | J7: 0.81 | K7: 0.51
A8: col_symptom | B8: choice | C8: 2 | D8: 2 | E8: 0 | F8: 0.945 | G8: 2 | H8: 2 | I8: 1 | J8: 0.945
A9: col_offspec | B9: noul | C9: 2 | D9: 2 | E9: 0 | F9: 0.99 | G9: 2 | H9: 2 | I9: 1 | J9: 0.99
A10: col_stability | B10: score | C10: 2 | D10: 2 | E10: 0 | F10: 1 | G10: 2 | H10: 2 | I10: 1 | J10: 1

Sheet output_Run_info
A1: item | B1: value
A2: run_started | B2: 20260930_125525
A3: workbook | B3: /mnt/d/dev/nimble_plant/experiments/jev_classifier_workbook.xlsx
A4: model | B4: jev-1.13.0
A5: base_url | B5: https://api.typesafe.ai
A6: endpoint_info | B6: remote:https://api.typesafe.ai
A7: questions_hash | B7: f73a405167a3
A8: api_key_configured | B8: True
A9: records_in_run | B9: 6
A10: records_completed | B10: 6
A11: failed_records | B11: 0
A12: review_threshold_default | B12: 0.6
... A15: output_sheets | B15: output_Results, output_Raw, output_Summary, output_Run_info
